Date,High,Low,Mid,Last,Bid,Ask,Volume
2018-09-27,0.034806,0.032617,0.03411,0.03413,0.034101,0.034119,33176.52027322
2018-09-26,0.034088,0.0325,0.033333,0.03333,0.033328,0.033338,22109.67014462
2018-09-25,0.034689,0.031924,0.033632,0.033643,0.033623,0.033641,44999.03170428
2018-09-24,0.036799,0.034566,0.0346905,0.0347,0.03469,0.034691,29677.00403353
2018-09-23,0.03684,0.035323,0.0363075,0.03631,0.0363,0.036315,37506.84258206
2018-09-22,0.037649,0.035142,0.035695,0.035701,0.035689,0.035701,29046.22973838
2018-09-21,0.037113,0.033516,0.036734,0.036764,0.03672,0.036748,65714.9917699
2018-09-20,0.03341,0.032399,0.033436,0.03348,0.033432,0.03344,20508.25118467
2018-09-19,0.033816,0.032192,0.032741,0.032729,0.032735,0.032747,39794.27647855
2018-09-18,0.033644,0.03112,0.0332075,0.033209,0.033198,0.033217,42900.05533772
2018-09-17,0.034451,0.03095,0.0313875,0.031394,0.031379,0.031396,55700.67790331
2018-09-16,0.034328,0.032068,0.03382,0.033842,0.033797,0.033843,34507.79562311
2018-09-15,0.034766,0.032165,0.0341115,0.034094,0.034111,0.034112,34500.26794969
2018-09-14,0.034049,0.031501,0.0331755,0.033239,0.033165,0.033186,64043.91928085
2018-09-13,0.0325,0.028674,0.0322995,0.032299,0.032299,0.0323,102820.58882725
2018-09-12,0.029478,0.026901,0.028769,0.028756,0.028756,0.028782,105507.53945228
2018-09-11,0.031462,0.028449,0.029356,0.029371,0.029349,0.029363,40995.5809122
2018-09-10,0.032119,0.029973,0.0310805,0.031082,0.031076,0.031085,42523.25308466
2018-09-09,0.032493,0.030141,0.031168,0.031145,0.031157,0.031179,55246.99933456
2018-09-08,0.034101,0.030952,0.031651,0.031656,0.03164,0.031662,60651.04034534
2018-09-07,0.035871,0.03352,0.0338775,0.03387,0.03387,0.033885,32642.33559475
2018-09-06,0.035865,0.03331,0.0349595,0.03496,0.034959,0.03496,59856.50387878
2018-09-05,0.038914,0.034612,0.0349615,0.034963,0.034961,0.034962,61046.03542308
2018-09-04,0.039949,0.038451,0.0387815,0.038781,0.038781,0.038782,36382.3550421
2018-09-03,0.040533,0.039464,0.0397935,0.039794,0.039793,0.039794,50285.26374499
2018-09-02,0.04141,0.040073,0.0401785,0.040178,0.040178,0.040179,29150.92315029
2018-09-01,0.041696,0.040101,0.0411245,0.041124,0.041124,0.041125,27032.77116695
2018-08-31,0.040899,0.04,0.0401535,0.040162,0.040153,0.040154,15791.06233684
2018-08-30,0.041318,0.039925,0.0408515,0.040836,0.040851,0.040852,30298.39031709
2018-08-29,0.041925,0.040918,0.041169,0.04117,0.041163,0.041175,24099.72546683
2018-08-28,0.041839,0.040791,0.0417215,0.041725,0.041718,0.041725,31262.00400614
2018-08-27,0.041645,0.04072,0.0412555,0.041239,0.041255,0.041256,24417.37171992
2018-08-26,0.041459,0.040637,0.0407875,0.040787,0.040787,0.040788,13308.49792177
2018-08-25,0.042156,0.041347,0.041476,0.041468,0.041468,0.041484,12087.42470726
2018-08-24,0.042448,0.041619,0.0419495,0.041935,0.041939,0.04196,13190.76496468
2018-08-23,0.043276,0.041947,0.042268,0.042283,0.042262,0.042274,19433.10267997
2018-08-22,0.04375,0.041466,0.0421775,0.042178,0.042177,0.042178,33265.72565916
2018-08-21,0.044098,0.042447,0.043326,0.043316,0.04332,0.043332,19862.54676621
2018-08-20,0.046581,0.042664,0.0432665,0.043265,0.043266,0.043267,25147.3057201
2018-08-19,0.047423,0.045533,0.0462035,0.046177,0.046203,0.046204,25138.83297441
2018-08-18,0.048611,0.044818,0.0461555,0.046155,0.046155,0.046156,18446.78959592
2018-08-17,0.048488,0.045297,0.0480555,0.048074,0.048041,0.04807,35424.03765486
2018-08-16,0.046328,0.04436,0.045696,0.045689,0.045689,0.045703,24247.4570931
2018-08-14,0.045447,0.041931,0.0434755,0.043475,0.043475,0.043476,78349.80868606
2018-08-13,0.050496,0.04521,0.0453345,0.045373,0.04532,0.045349,47035.59527534
2018-08-11,0.05416,0.049479,0.0509295,0.050929,0.050929,0.05093,35192.15607194
2018-08-10,0.056494,0.053634,0.053843,0.053875,0.05383,0.053856,28441.23888627
2018-08-09,0.057261,0.055369,0.055947,0.055934,0.055936,0.055958,14308.28412987
2018-08-08,0.057535,0.055447,0.056219,0.056197,0.056199,0.056239,24485.41099577
2018-08-07,0.058603,0.055059,0.0563735,0.05639,0.056357,0.05639,31093.02453787
2018-08-06,0.058592,0.057655,0.0585205,0.058533,0.058509,0.058532,9969.9973248
2018-08-05,0.058586,0.057726,0.0583775,0.058361,0.058371,0.058384,11593.04400035
2018-08-04,0.058599,0.055797,0.057953,0.057922,0.057945,0.057961,14519.5455922
2018-08-03,0.056449,0.054372,0.05618,0.056191,0.056169,0.056191,25113.33393383
2018-08-02,0.055587,0.054189,0.0545075,0.054501,0.054502,0.054513,15238.76107261
2018-08-01,0.056392,0.054488,0.0552575,0.055257,0.055257,0.055258,28504.47264692
2018-07-31,0.056181,0.054325,0.0559585,0.055958,0.055958,0.055959,22643.14106964
2018-07-30,0.057041,0.0555,0.055672,0.055693,0.055656,0.055688,15540.58180534
2018-07-29,0.0572,0.05655,0.056739,0.056753,0.056727,0.056751,7600.28818944
2018-07-28,0.05748,0.056709,0.0570685,0.05705,0.05705,0.057087,9827.16732385
2018-07-27,0.058974,0.056712,0.0571405,0.05714,0.05714,0.057141,25582.39855307
2018-07-26,0.058727,0.057441,0.0584045,0.058398,0.05839,0.058419,16694.31286844
2018-07-25,0.05832,0.056597,0.0576385,0.057638,0.057638,0.057639,22512.12440883
2018-07-24,0.05947,0.05651,0.057468,0.057454,0.057453,0.057483,50514.86042829
2018-07-23,0.061942,0.058,0.0582495,0.058249,0.058249,0.05825,29840.22293936
2018-07-22,0.062835,0.061454,0.0617625,0.06173,0.06175,0.061775,7506.61525133
2018-07-21,0.063393,0.06095,0.0625495,0.062542,0.062549,0.06255,12155.89831753
2018-07-20,0.062919,0.0603,0.061043,0.061013,0.061024,0.061062,25452.73902394
2018-07-19,0.065269,0.0625,0.0628955,0.062896,0.062895,0.062896,31319.76018754
2018-07-18,0.06862,0.064504,0.065268,0.065257,0.065256,0.06528,37438.28465165
2018-07-17,0.071395,0.068,0.068429,0.068424,0.068412,0.068446,33754.7756537
2018-07-16,0.07189,0.070141,0.0713795,0.07138,0.071364,0.071395,19396.31700394
2018-07-15,0.07129,0.06914,0.0706485,0.07065,0.070632,0.070665,11296.60756767
2018-07-14,0.070129,0.0692,0.0692005,0.0692,0.0692,0.069201,4667.32389565
2018-07-13,0.070395,0.068546,0.0694165,0.069429,0.069372,0.069461,7471.26832032
2018-07-12,0.070229,0.068741,0.0691115,0.069112,0.069097,0.069126,7062.06032464
2018-07-11,0.069846,0.06757,0.0690905,0.069091,0.06909,0.069091,8379.4890245
2018-07-10,0.071328,0.0675,0.0688175,0.068825,0.068811,0.068824,22648.87445458
2018-07-09,0.073047,0.070863,0.0711915,0.071179,0.071179,0.071204,11578.72808065
2018-07-08,0.073137,0.070036,0.0726595,0.07266,0.072659,0.07266,7882.60085823
2018-07-07,0.071457,0.070733,0.0711315,0.07113,0.071131,0.071132,5018.44643973
2018-07-06,0.071792,0.069938,0.070943,0.070944,0.070942,0.070944,14294.74737383
2018-07-05,0.071797,0.07056,0.0714535,0.07147,0.071447,0.07146,22642.30026643
2018-07-04,0.071999,0.070272,0.070887,0.070886,0.070886,0.070888,16406.15281933
2018-07-03,0.072853,0.070608,0.0713835,0.071399,0.071383,0.071384,30795.10006831
2018-07-02,0.07249,0.070527,0.0721005,0.0721,0.072097,0.072104,21856.55838141
2018-07-01,0.0715,0.070492,0.0710795,0.071099,0.071079,0.07108,6098.63723093
2018-06-30,0.071752,0.069492,0.070348,0.07034,0.07034,0.070356,15709.79977112
2018-06-29,0.072048,0.068402,0.069202,0.06918,0.069188,0.069216,27534.32538142
2018-06-28,0.07221,0.07071,0.0716995,0.0717,0.071699,0.0717,15688.86395308
2018-06-27,0.072068,0.069845,0.0711785,0.071178,0.071178,0.071179,18593.33507819
2018-06-26,0.074039,0.07089,0.071003,0.071074,0.070986,0.07102,16318.4640896
2018-06-25,0.075551,0.07281,0.07379,0.07377,0.07376,0.07382,19513.69773828
2018-06-24,0.07718,0.072617,0.0738905,0.073891,0.07389,0.073891,21132.10896328
2018-06-23,0.0775,0.075649,0.0768575,0.076889,0.076833,0.076882,11109.89361596
2018-06-22,0.078379,0.074875,0.076343,0.07639,0.076296,0.07639,27132.04259643
2018-06-21,0.080357,0.077586,0.0782315,0.078231,0.078231,0.078232,15400.40018178
2018-06-20,0.0799,0.078387,0.0792585,0.079261,0.079256,0.079261,13146.7360164
2018-06-19,0.080166,0.076913,0.0796995,0.079699,0.079699,0.0797,15338.81140823
2018-06-18,0.077655,0.07633,0.0771075,0.077092,0.077085,0.07713,10673.50488056
2018-06-17,0.077637,0.076473,0.0769395,0.076937,0.076939,0.07694,5345.31185509
2018-06-16,0.077427,0.075599,0.0766015,0.076601,0.076601,0.076602,7191.02082403
2018-06-15,0.078529,0.074567,0.0760645,0.076099,0.076043,0.076086,16312.76277206
2018-06-14,0.079002,0.072786,0.0779245,0.07797,0.0779,0.077949,69989.5286541
2018-06-13,0.076377,0.072199,0.07491,0.074865,0.074901,0.074919,26303.93264283
2018-06-12,0.078513,0.074684,0.075143,0.075127,0.075141,0.075145,19677.91834811
2018-06-11,0.078915,0.07575,0.0770755,0.077075,0.077075,0.077076,12113.60989137
2018-06-10,0.0795,0.075331,0.0761265,0.076152,0.076101,0.076152,18945.07531609
2018-06-09,0.079353,0.0785,0.0785925,0.078578,0.078577,0.078608,4072.38750159
2018-06-08,0.07925,0.07807,0.0788455,0.078841,0.078845,0.078846,6035.41672883
2018-06-07,0.0797,0.078284,0.0786475,0.078642,0.078645,0.07865,10673.55209912
2018-06-06,0.080069,0.078991,0.0790665,0.07906,0.079065,0.079068,10082.17694967
2018-06-05,0.080766,0.078108,0.0798505,0.079884,0.07985,0.079851,8367.85157695
2018-06-04,0.0808,0.077731,0.0789765,0.07898,0.078973,0.07898,11380.64210067
2018-06-03,0.081,0.0774,0.080039,0.080064,0.080019,0.080059,12223.42319056
2018-06-02,0.078192,0.076358,0.077716,0.077706,0.077706,0.077726,12574.1620703
2018-06-01,0.077858,0.075858,0.076981,0.076982,0.07698,0.076982,16450.10933314
2018-05-31,0.078032,0.07499,0.0766775,0.076695,0.076652,0.076703,16780.46190611
2018-05-30,0.07748,0.074086,0.0750105,0.07503,0.07501,0.075011,15044.76170758
2018-05-29,0.07648,0.07198,0.075516,0.075503,0.075495,0.075537,26611.464988
2018-05-28,0.077867,0.070411,0.0723495,0.072332,0.072349,0.07235,85148.31553094
2018-05-27,0.080452,0.076148,0.0775255,0.077543,0.077505,0.077546,19459.70221237
2018-05-26,0.080199,0.077303,0.0797905,0.079767,0.07978,0.079801,10551.41533423
2018-05-25,0.08085,0.077151,0.0773595,0.07736,0.077359,0.07736,18551.75155106
2018-05-24,0.07902,0.07475,0.078461,0.078467,0.078424,0.078498,34533.05478444
2018-05-23,0.080946,0.075665,0.0772005,0.077231,0.0772,0.077201,31269.17980279
2018-05-22,0.083773,0.080086,0.080157,0.080273,0.08014,0.080174,20099.91071542
2018-05-21,0.08425,0.082367,0.0829775,0.082984,0.082971,0.082984,13087.15954475
2018-05-20,0.085829,0.084014,0.0841005,0.0841,0.0841,0.084101,8442.45566976
2018-05-19,0.085768,0.083404,0.083885,0.08396,0.083844,0.083926,9410.37051807
2018-05-18,0.08437,0.082569,0.0839145,0.083915,0.083914,0.083915,13624.91834645
2018-05-17,0.08541,0.082569,0.0831995,0.083129,0.083199,0.0832,14558.70335292
2018-05-16,0.08464,0.082587,0.084481,0.084481,0.08448,0.084482,17170.79169529
2018-05-15,0.08488,0.082251,0.0825845,0.082558,0.082561,0.082608,19447.88279808
2018-05-14,0.08475,0.082092,0.0833205,0.08335,0.083313,0.083328,18365.69467005
2018-05-13,0.08513,0.07997,0.084074,0.084096,0.084052,0.084096,15548.28699417
2018-05-12,0.0811,0.077449,0.080497,0.08058,0.080496,0.080498,15590.80585795
2018-05-11,0.08225,0.078,0.080624,0.080657,0.080591,0.080657,25696.82116631
2018-05-10,0.08203,0.079946,0.0809135,0.080954,0.080874,0.080953,16941.13687787
2018-05-09,0.08188,0.078703,0.0807005,0.080701,0.0807,0.080701,23445.19144813
2018-05-08,0.082179,0.07901,0.0817215,0.08173,0.081698,0.081745,20987.84800736
2018-05-07,0.08245,0.074293,0.0793735,0.079424,0.079344,0.079403,74483.74118134
2018-05-06,0.08439,0.079833,0.0818995,0.081909,0.08189,0.081909,26605.778252
2018-05-05,0.08321,0.080548,0.082862,0.082871,0.082853,0.082871,27431.45280512
2018-05-04,0.083,0.079235,0.0811435,0.081182,0.081105,0.081182,23296.49539221
2018-05-03,0.080704,0.074362,0.0801595,0.080194,0.08013,0.080189,36503.3790171
2018-05-02,0.0752,0.07385,0.0745495,0.07455,0.074549,0.07455,11437.20213518
2018-05-01,0.07456,0.07034,0.074156,0.074113,0.074121,0.074191,19308.2693959
2018-04-30,0.075,0.07212,0.072326,0.072348,0.072304,0.072348,18238.56070783
2018-04-29,0.073604,0.06674,0.073232,0.07316,0.07322,0.073244,21541.69329377
2018-04-28,0.073907,0.07191,0.0734035,0.0734,0.0734,0.073407,18291.76485885
2018-04-27,0.07357,0.070835,0.0722765,0.072276,0.072276,0.072277,20308.91192364
2018-04-26,0.07191,0.069016,0.0717305,0.071726,0.07173,0.071731,25951.90824522
2018-04-25,0.073779,0.066467,0.0700505,0.07005,0.07005,0.070051,39334.24821091
2018-04-24,0.0756,0.071918,0.073564,0.073499,0.07356,0.073568,39669.97616012
2018-04-23,0.0726,0.070389,0.0721005,0.0721,0.0721,0.072101,21881.2319969
2018-04-22,0.072191,0.067077,0.0713765,0.071377,0.071376,0.071377,22561.49093281
2018-04-21,0.06987,0.066584,0.0684195,0.068409,0.068409,0.06843,28071.79188322
2018-04-20,0.07125,0.067737,0.06962,0.069607,0.069597,0.069643,39098.98758054
2018-04-19,0.068348,0.064121,0.0682525,0.068261,0.068244,0.068261,23222.28087179
2018-04-18,0.0642,0.0632,0.0640995,0.064071,0.064083,0.064116,17291.72387676
2018-04-17,0.0642,0.062839,0.0638,0.063778,0.063769,0.063831,16218.47063007
2018-04-16,0.06398,0.062838,0.0633445,0.063318,0.063344,0.063345,14692.95195294
2018-04-15,0.064,0.0615,0.0632805,0.06328,0.06328,0.063281,40337.49433175
2018-04-14,0.063498,0.061713,0.0630655,0.063041,0.06305,0.063081,18878.43056506
2018-04-13,0.0646,0.061779,0.0622285,0.062228,0.062228,0.062229,49652.03820067
2018-04-12,0.062991,0.0588,0.0619225,0.061922,0.061922,0.061923,81602.40673821
2018-04-11,0.061525,0.06019,0.0610395,0.061007,0.061039,0.06104,31969.53163491
2018-04-10,0.06088,0.058355,0.0602025,0.060204,0.060202,0.060203,20081.58685786
2018-04-09,0.06017,0.056964,0.0589005,0.0589,0.0589,0.058901,78605.80917804
2018-04-08,0.057508,0.055509,0.0571055,0.057091,0.057091,0.05712,38579.92068861
2018-04-07,0.056078,0.055105,0.0558405,0.05583,0.05584,0.055841,14648.32306503
2018-04-06,0.056427,0.055397,0.0559225,0.055961,0.05591,0.055935,15871.18068928
2018-04-05,0.056383,0.055461,0.0561985,0.056197,0.056198,0.056199,24340.48006231
2018-04-04,0.05624,0.053592,0.0557635,0.055763,0.055763,0.055764,33639.53170834
2018-04-03,0.056285,0.053618,0.0559005,0.0559,0.0559,0.055901,26175.68151776
2018-04-02,0.055879,0.054343,0.0544585,0.05448,0.054438,0.054479,16236.50349091
2018-04-01,0.057039,0.055058,0.055412,0.055363,0.055404,0.05542,20303.39615433
2018-03-31,0.05903,0.056297,0.056842,0.056816,0.056836,0.056848,31804.60388384
2018-03-30,0.05775,0.05402,0.0571825,0.05721,0.057168,0.057197,48958.40061956
2018-03-29,0.05649,0.05396,0.0542925,0.054293,0.054292,0.054293,44863.84455336
2018-03-28,0.057939,0.056052,0.0561265,0.056052,0.056119,0.056134,14857.91006646
2018-03-27,0.060348,0.0565,0.0576245,0.057624,0.057624,0.057625,35835.20563727
2018-03-26,0.0623,0.059241,0.0601165,0.060153,0.060081,0.060152,29253.14351618
2018-03-25,0.062303,0.06068,0.062234,0.062227,0.062228,0.06224,10037.46013155
2018-03-24,0.061401,0.060081,0.0610675,0.061068,0.061067,0.061068,13956.15878165
2018-03-23,0.062,0.060591,0.0611405,0.061141,0.06114,0.061141,18017.78358288
2018-03-22,0.063716,0.060882,0.0618825,0.061882,0.061882,0.061883,24890.17920168
2018-03-21,0.064922,0.062015,0.063037,0.06303,0.063034,0.06304,23372.26585272
2018-03-20,0.06479,0.062014,0.062726,0.062723,0.062721,0.062731,32062.43728646
2018-03-19,0.066592,0.062765,0.063738,0.063773,0.063702,0.063774,49330.68294811
2018-03-18,0.07034,0.061794,0.065157,0.06517,0.065135,0.065179,70427.56293514
2018-03-17,0.07354,0.069838,0.0700495,0.07005,0.070049,0.07005,20235.69494247
2018-03-16,0.0744,0.071549,0.072074,0.07206,0.072059,0.072089,21429.07105593
2018-03-15,0.0753,0.072716,0.0737385,0.073734,0.073738,0.073739,27934.31103184
2018-03-14,0.076225,0.073255,0.073733,0.07371,0.073717,0.073749,22136.50070911
2018-03-13,0.077199,0.074744,0.0750205,0.075021,0.07502,0.075021,17011.9004461
2018-03-12,0.0771,0.074185,0.0760725,0.076073,0.076072,0.076073,30884.87038919
2018-03-11,0.07975,0.07484,0.0756365,0.075622,0.075636,0.075637,22031.32879089
2018-03-10,0.079789,0.077095,0.0775635,0.077599,0.077518,0.077609,25795.26599839
2018-03-09,0.078708,0.07455,0.0782335,0.078253,0.078214,0.078253,30565.7076113
2018-03-08,0.077,0.074361,0.0748395,0.07486,0.07482,0.074859,34166.53186095
2018-03-07,0.077,0.073092,0.075991,0.075992,0.075971,0.076011,32840.93942224
2018-03-06,0.076612,0.073579,0.076069,0.076083,0.076034,0.076104,25661.64623736
2018-03-05,0.075672,0.07317,0.0736545,0.073679,0.07363,0.073679,25323.72344368
2018-03-04,0.077605,0.07459,0.0751885,0.075204,0.075177,0.0752,19805.11002984
2018-03-03,0.077645,0.07466,0.074648,0.074671,0.074642,0.074654,26841.05965867
2018-03-02,0.079745,0.077298,0.0776305,0.077622,0.07763,0.077631,33410.80944156
2018-03-01,0.083055,0.078737,0.0794455,0.07945,0.079441,0.07945,18302.0852782
2018-02-28,0.08305,0.08001,0.0825765,0.082572,0.082554,0.082599,14927.55508621
2018-02-27,0.08539,0.08115,0.081985,0.081962,0.081962,0.082008,26464.71768261
2018-02-26,0.08914,0.083534,0.08391,0.083956,0.083866,0.083954,29295.32328902
2018-02-25,0.088493,0.085851,0.087835,0.087859,0.087831,0.087839,11801.82896208
2018-02-24,0.08659,0.082917,0.0860385,0.086038,0.086038,0.086039,19540.0653464
2018-02-23,0.085988,0.081367,0.0841695,0.084204,0.084134,0.084205,25685.12119254
2018-02-22,0.08198,0.079366,0.081625,0.081662,0.081588,0.081662,29552.66716416
2018-02-21,0.08136,0.077898,0.0799995,0.08,0.079999,0.08,34497.09906724
2018-02-20,0.084261,0.07727,0.0787655,0.078838,0.078758,0.078773,68322.01904455
2018-02-19,0.08862,0.083784,0.084162,0.084122,0.08415,0.084174,23804.78552708
2018-02-18,0.089558,0.086171,0.0874185,0.087419,0.087418,0.087419,21955.33931797
2018-02-17,0.09295,0.0875,0.087955,0.087944,0.087923,0.087987,43731.89611207
2018-02-16,0.09449,0.09128,0.0921985,0.092191,0.092176,0.092221,20756.53485188
2018-02-15,0.09739,0.090982,0.0917035,0.091719,0.091688,0.091719,37252.5309351
2018-02-14,0.09869,0.09582,0.0972525,0.09728,0.097226,0.097279,28476.21394446
2018-02-13,0.098678,0.096653,0.0984065,0.098446,0.098367,0.098446,19135.69852367
2018-02-12,0.10067,0.09631,0.097289,0.097292,0.097271,0.097307,24151.6602705
2018-02-11,0.10102,0.09921,0.10062,0.10057,0.1006,0.10064,20560.17907663
2018-02-10,0.10151,0.0992,0.099626,0.099603,0.099613,0.099639,35244.9776206
2018-02-09,0.102,0.098532,0.101215,0.10121,0.10121,0.10122,37650.61044811
2018-02-08,0.10149,0.095675,0.0986905,0.09868,0.098641,0.09874,285912.95711048
2018-02-07,0.10268,0.09854,0.0990935,0.09906,0.099057,0.09913,61122.15493013
2018-02-06,0.10279,0.094251,0.10204,0.10199,0.102,0.10208,102922.10609593
2018-02-05,0.10328,0.09567,0.101055,0.10105,0.10105,0.10106,79266.13726927
2018-02-04,0.10582,0.09888,0.101165,0.1012,0.10115,0.10118,50484.78236038
2018-02-03,0.10745,0.10286,0.10531,0.10537,0.10524,0.10538,34403.10783113
2018-02-02,0.11349,0.09601,0.103735,0.10382,0.10373,0.10374,113242.05840922
2018-02-01,0.12302,0.10914,0.11302,0.11301,0.11301,0.11303,100122.20648027
2018-01-31,0.11085,0.10419,0.109445,0.1095,0.10941,0.10948,44141.08850008
2018-01-30,0.10823,0.1023,0.105865,0.10582,0.10585,0.10588,64682.35771281
2018-01-29,0.10571,0.1031,0.104385,0.10443,0.10434,0.10443,48371.62946708
2018-01-28,0.1051,0.096662,0.105095,0.1051,0.10509,0.1051,54801.93297428
2018-01-27,0.09775,0.094057,0.0968735,0.096855,0.096851,0.096896,26824.76148688
2018-01-26,0.097099,0.09182,0.0941905,0.094163,0.094159,0.094222,39260.28846898
2018-01-25,0.09527,0.09286,0.0939995,0.094,0.093999,0.094,47526.20853385
2018-01-24,0.092646,0.089,0.0908505,0.09079,0.090806,0.090895,32217.1120235
2018-01-23,0.092885,0.090463,0.092353,0.092399,0.092307,0.092399,41465.32819393
2018-01-22,0.092933,0.089501,0.0910365,0.091079,0.090989,0.091084,31074.04935416
2018-01-21,0.091468,0.08776,0.0900955,0.090059,0.090059,0.090132,34330.62492168
2018-01-20,0.092021,0.089422,0.089972,0.089891,0.089891,0.090053,44042.60241754
2018-01-19,0.092316,0.08802,0.090247,0.090214,0.090216,0.090278,52812.81379306
2018-01-18,0.0943,0.082901,0.0918655,0.091781,0.09178,0.091951,119942.97131261
2018-01-17,0.096,0.0855,0.0921295,0.092083,0.0921,0.092159,114540.96784096
2018-01-16,0.10096,0.090694,0.094009,0.094005,0.094008,0.09401,57769.75530934
2018-01-15,0.09992,0.095081,0.0995475,0.099637,0.099531,0.099564,42281.63441636
2018-01-14,0.10049,0.0891,0.0972525,0.097186,0.097193,0.097312,56077.95032929
2018-01-13,0.091948,0.084332,0.0911685,0.091133,0.091157,0.09118,56086.96143669
2018-01-12,0.091548,0.084151,0.085887,0.085999,0.08588,0.085894,83235.76644379
2018-01-11,0.097519,0.08277,0.083955,0.084077,0.083834,0.084076,164236.83693727
2018-01-10,0.091,0.075565,0.0892275,0.08917,0.08917,0.089285,104848.31170892
2018-01-09,0.078509,0.0501,0.075674,0.07569,0.075658,0.07569,157418.45433742
2018-01-08,0.069,0.05804,0.0689965,0.068997,0.068996,0.068997,88094.23354419
2018-01-07,0.061332,0.05593,0.058572,0.058573,0.05857,0.058574,73389.10397313
2018-01-06,0.068299,0.05505,0.056876,0.056884,0.056871,0.056881,146451.19110758
2018-01-05,0.068569,0.059708,0.061857,0.061941,0.061773,0.061941,134644.75037582
2018-01-04,0.063965,0.056473,0.0621595,0.062203,0.062159,0.06216,89172.24470077
2018-01-03,0.065544,0.053604,0.058279,0.058234,0.058253,0.058305,146825.93714231
2018-01-02,0.057,0.05341,0.0562805,0.056259,0.056265,0.056296,67261.44956805
2018-01-01,0.055499,0.052318,0.0535145,0.053503,0.053506,0.053523,51917.29401464
2017-12-31,0.0554,0.04929,0.0551305,0.055127,0.055128,0.055133,119749.49830863
2017-12-30,0.051799,0.049104,0.0512105,0.05121,0.05121,0.051211,68676.7983909
2017-12-29,0.050559,0.047753,0.049801,0.049804,0.049783,0.049819,76207.90234871
2017-12-28,0.048919,0.04623,0.04789,0.047885,0.047863,0.047917,49618.28621098
2017-12-27,0.053365,0.046369,0.047835,0.047811,0.047811,0.047859,80197.19253978
2017-12-26,0.053073,0.048788,0.0520965,0.052085,0.052085,0.052108,74085.14296864
2017-12-25,0.049299,0.047184,0.048887,0.048866,0.048866,0.048908,81689.39052786
2017-12-24,0.049,0.047509,0.048116,0.048093,0.048093,0.048139,73817.35842745
2017-12-23,0.051528,0.045,0.047742,0.047883,0.047721,0.047763,228977.98445695
2017-12-22,0.051614,0.047636,0.050357,0.050363,0.050352,0.050362,124882.25705575
2017-12-21,0.049,0.0445,0.0484415,0.048394,0.048403,0.04848,163106.82925616
2017-12-20,0.047092,0.040788,0.0461665,0.046167,0.046166,0.046167,157375.38716398
2017-12-19,0.042961,0.036894,0.041481,0.041476,0.041474,0.041488,120256.82477677
2017-12-18,0.038649,0.035522,0.037446,0.037466,0.037435,0.037457,92125.52982607
2017-12-17,0.040813,0.034808,0.0355885,0.035578,0.035579,0.035598,100901.15148198
2017-12-16,0.042029,0.034567,0.0386495,0.038682,0.038627,0.038672,178936.12385758
2017-12-15,0.04575,0.04,0.041963,0.041918,0.041918,0.042008,179902.86471223
2017-12-14,0.04412,0.0358,0.042804,0.042818,0.042789,0.042819,247743.89018831
2017-12-12,0.0317,0.026816,0.0307905,0.030752,0.03079,0.030791,174238.91160239
2017-12-11,0.032931,0.027893,0.0287275,0.028755,0.028713,0.028742,128624.49504493
2017-12-10,0.0344,0.027496,0.031331,0.031289,0.031313,0.031349,184338.32638178
2017-12-09,0.0318,0.0239,0.0278835,0.027896,0.027871,0.027896,258760.14598681
2017-12-08,0.032439,0.025,0.025018,0.025025,0.025011,0.025025,283912.39448702
2017-12-07,0.03891,0.029236,0.0306275,0.03062,0.030622,0.030633,262655.43292756
2017-12-06,0.040322,0.038408,0.0389045,0.03891,0.038901,0.038908,124657.8794395
2017-12-05,0.04125,0.04,0.0402005,0.0402,0.0402,0.040201,77889.46588458
2017-12-04,0.042251,0.0405,0.041158,0.041176,0.04114,0.041176,77650.10746086
2017-12-03,0.042688,0.041592,0.0418605,0.041852,0.041858,0.041863,62621.87338695
2017-12-02,0.044387,0.042276,0.04241,0.042465,0.042404,0.042416,77258.01745219
2017-12-01,0.04463,0.042371,0.0436195,0.043677,0.043582,0.043657,116088.91109668
2017-11-30,0.047794,0.042155,0.0430805,0.043109,0.043052,0.043109,220177.69630302
2017-11-29,0.04935,0.046349,0.0470545,0.04705,0.04705,0.047059,107101.59022929
2017-11-28,0.050792,0.048515,0.0487135,0.0487,0.048713,0.048714,93352.1737045
2017-11-27,0.05293,0.04772,0.0505085,0.050515,0.050501,0.050516,133122.55522844
2017-11-25,0.058422,0.047858,0.0574865,0.057486,0.057486,0.057487,189017.74375811
2017-11-24,0.052395,0.04575,0.050758,0.050789,0.050737,0.050779,184172.58182862
2017-11-23,0.0464,0.044136,0.046287,0.0463,0.046274,0.0463,66600.6414079
2017-11-22,0.047,0.043911,0.04447,0.044441,0.044441,0.044499,88966.2623712
2017-11-21,0.045568,0.043691,0.0446405,0.044657,0.044634,0.044647,89014.30844853
2017-11-20,0.048574,0.04262,0.0440765,0.044096,0.044057,0.044096,140666.17689768
2017-11-19,0.045024,0.042389,0.044631,0.044654,0.044609,0.044653,91534.52619075
2017-11-18,0.04383,0.041054,0.043105,0.04309,0.043094,0.043116,113874.81666886
2017-11-17,0.04633,0.040475,0.042042,0.042,0.041999,0.042085,117061.63084542
2017-11-16,0.05088,0.044928,0.0455675,0.04555,0.045555,0.04558,117441.94834166
2017-11-15,0.052,0.0474,0.0508255,0.05085,0.050804,0.050847,145025.52134159
2017-11-14,0.054406,0.046226,0.048355,0.048325,0.048325,0.048385,184681.53952229
2017-11-13,0.0545,0.046739,0.052249,0.052357,0.052141,0.052357,340706.38587558
2017-11-12,0.0514,0.04414,0.0496505,0.049613,0.049613,0.049688,181572.73389783
2017-11-11,0.0468,0.043684,0.0452285,0.045208,0.045211,0.045246,129870.20931669
2017-11-10,0.04618,0.041257,0.0448315,0.044813,0.044813,0.04485,133750.99165401
2017-11-09,0.0455,0.038234,0.04133,0.04134,0.041311,0.041349,180526.71738469
2017-11-08,0.04271,0.040588,0.0410165,0.041006,0.041013,0.04102,97500.97298414
2017-11-07,0.043416,0.03989,0.0427095,0.042707,0.042707,0.042712,122027.94872332
2017-11-05,0.041001,0.039,0.0402555,0.040328,0.040255,0.040256,76580.16319116
2017-11-04,0.04307,0.039827,0.0404665,0.040501,0.040441,0.040492,89744.64037282
2017-11-03,0.041677,0.039287,0.040871,0.040873,0.040868,0.040874,113847.25995893
2017-11-02,0.044,0.037625,0.0405445,0.040553,0.040535,0.040554,193024.25043183
2017-11-01,0.047784,0.043131,0.043858,0.043846,0.043845,0.043871,107321.79354132
2017-10-31,0.05084,0.0475,0.047693,0.047693,0.047692,0.047694,61099.85441508
2017-10-30,0.050786,0.04893,0.050037,0.049999,0.050009,0.050065,47224.96133211
2017-10-29,0.054933,0.048621,0.0495115,0.049475,0.049496,0.049527,80318.76967267
2017-10-28,0.051999,0.050421,0.0509925,0.05097,0.050992,0.050993,32789.22706472
2017-10-27,0.051977,0.049545,0.0512705,0.05127,0.05127,0.051271,42078.12754274
2017-10-26,0.052426,0.04923,0.0502405,0.050213,0.050227,0.050254,55074.09778341
2017-10-25,0.054388,0.052027,0.0522085,0.052191,0.052195,0.052222,48037.42638461
2017-10-24,0.055988,0.047902,0.05378,0.053748,0.05376,0.0538,140990.37222389
2017-10-23,0.049519,0.047421,0.048474,0.048463,0.048465,0.048483,111831.20258085
2017-10-22,0.05145,0.04875,0.049369,0.049338,0.049343,0.049395,60136.44478202
2017-10-21,0.050966,0.047136,0.0494555,0.049351,0.049397,0.049514,106665.28772639
2017-10-20,0.054371,0.050011,0.050625,0.050634,0.050616,0.050634,75921.69746714
2017-10-19,0.0564,0.053535,0.0540185,0.054022,0.054011,0.054026,54059.56124492
2017-10-18,0.05768,0.05551,0.055964,0.055952,0.055952,0.055976,56605.97510434
2017-10-17,0.058881,0.05575,0.0558975,0.05586,0.055855,0.05594,56586.56784251
2017-10-16,0.062214,0.058002,0.058822,0.05882,0.05882,0.058824,79434.38723908
2017-10-15,0.060825,0.05746,0.059139,0.059096,0.059119,0.059159,76842.71419426
2017-10-14,0.061936,0.05857,0.0597475,0.059723,0.059711,0.059784,63812.16449671
2017-10-13,0.062489,0.05083,0.060151,0.060131,0.060135,0.060167,171413.69233927
2017-10-12,0.06364,0.055952,0.0570975,0.057098,0.057097,0.057098,101325.40669822
2017-10-11,0.063758,0.061666,0.0627795,0.06278,0.062779,0.06278,40399.77312272
2017-10-10,0.063693,0.0602,0.062434,0.062473,0.062407,0.062461,77194.7361524
2017-10-09,0.067498,0.058601,0.0625405,0.06259,0.06254,0.062541,167766.43182366
2017-10-08,0.0706,0.066582,0.0670545,0.067046,0.067046,0.067063,43384.66768687
2017-10-07,0.07189,0.07,0.070566,0.070586,0.070546,0.070586,30682.614151
2017-10-06,0.07024,0.067825,0.0701645,0.070151,0.070151,0.070178,34704.19961344
2017-10-05,0.069914,0.067825,0.0682655,0.068265,0.068265,0.068266,35091.38865975
2017-10-04,0.069746,0.06751,0.0690845,0.06912,0.069051,0.069118,44793.9887874
2017-10-03,0.068697,0.067155,0.0676955,0.067694,0.067694,0.067697,46586.36510895
2017-10-02,0.06922,0.066954,0.0676055,0.067603,0.067603,0.067608,73025.71174666
2017-10-01,0.070003,0.069126,0.0691695,0.06917,0.069169,0.06917,35180.77729936
2017-09-30,0.070758,0.0695,0.0695145,0.069505,0.0695,0.069529,34965.61514707
2017-09-29,0.072556,0.06923,0.0702315,0.070233,0.070209,0.070254,50637.92893519
2017-09-28,0.074001,0.071732,0.072204,0.072191,0.0722,0.072208,46768.72797224
2017-09-27,0.074425,0.072121,0.07386,0.07383,0.07384,0.07388,43501.93446945
2017-09-26,0.07532,0.073705,0.074142,0.074151,0.074133,0.074151,34843.59702413
2017-09-25,0.077998,0.075,0.0751045,0.075106,0.075104,0.075105,57113.10953571
2017-09-24,0.07801,0.075135,0.077991,0.077998,0.07799,0.077992,66702.3388272
2017-09-23,0.0755,0.0721,0.0752095,0.075179,0.07518,0.075239,36594.46456378
2017-09-22,0.072926,0.071042,0.072504,0.072515,0.072466,0.072542,36852.00876367
2017-09-21,0.073823,0.070459,0.071679,0.07166,0.071659,0.071699,61327.12313686
2017-09-20,0.073,0.072094,0.072899,0.072879,0.072861,0.072937,28466.94324329
2017-09-19,0.073236,0.071499,0.0722525,0.072253,0.072252,0.072253,50013.12827111
2017-09-18,0.07575,0.069727,0.0724215,0.072431,0.072412,0.072431,72249.32624574
2017-09-17,0.07035,0.068331,0.0698025,0.069765,0.069767,0.069838,32659.45578833
2017-09-16,0.07013,0.068159,0.0686125,0.06864,0.068576,0.068649,58199.78506982
2017-09-15,0.07134,0.066875,0.0694005,0.069401,0.0694,0.069401,134227.3292391
2017-09-14,0.071699,0.067033,0.0694705,0.069457,0.069458,0.069483,108064.93555234
2017-09-13,0.071722,0.06781,0.0712355,0.071212,0.071212,0.071259,60092.46597734
2017-09-12,0.0725,0.069953,0.07103,0.071063,0.071013,0.071047,46528.59963204
2017-09-11,0.07105,0.069566,0.070585,0.07056,0.07056,0.07061,33393.11417261
2017-09-10,0.07105,0.068708,0.0709005,0.070861,0.0709,0.070901,40141.68955856
2017-09-09,0.0715,0.069325,0.070265,0.070266,0.070261,0.070269,40215.00698907
2017-09-08,0.07274,0.069001,0.0711635,0.071128,0.071128,0.071199,58017.56662946
2017-09-07,0.07351,0.071276,0.072575,0.072568,0.072568,0.072582,43081.46240084
2017-09-06,0.074228,0.071741,0.0729845,0.073011,0.072957,0.073012,51710.1530898
2017-09-05,0.0746,0.068125,0.0719885,0.07193,0.071931,0.072046,84772.20804101
2017-09-04,0.076477,0.066233,0.071072,0.071098,0.071046,0.071098,119726.42214452
2017-09-03,0.078449,0.07499,0.076226,0.07623,0.076173,0.076279,44028.22472462
2017-09-02,0.080114,0.073171,0.0751975,0.075364,0.075158,0.075237,78216.91786206
2017-09-01,0.083314,0.079301,0.0799895,0.079944,0.07995,0.080029,47621.24868193
2017-08-31,0.08447,0.081163,0.08183,0.08178,0.081783,0.081877,40401.41080657
2017-08-30,0.084822,0.08025,0.0842255,0.08416,0.084161,0.08429,49821.47357135
2017-08-29,0.0845,0.079008,0.081443,0.081466,0.081421,0.081465,64614.77541285
2017-08-28,0.08175,0.078555,0.07937,0.07938,0.079362,0.079378,54248.90872126
2017-08-27,0.078587,0.0759,0.078559,0.078586,0.078556,0.078562,35426.13045855
2017-08-26,0.078313,0.0744,0.0765645,0.076566,0.076563,0.076566,31294.51481432
2017-08-25,0.077649,0.074191,0.075623,0.075536,0.075595,0.075651,56657.96647014
2017-08-24,0.07906,0.075,0.075005,0.075,0.075,0.07501,61119.27483379
2017-08-23,0.079264,0.074954,0.0764805,0.076475,0.076475,0.076486,51112.65398558
2017-08-22,0.085,0.075,0.078096,0.078104,0.078088,0.078104,83598.78157338
2017-08-21,0.086711,0.071632,0.079777,0.07971,0.07975,0.079804,125334.18311471
2017-08-20,0.07226,0.070002,0.071719,0.071766,0.071658,0.07178,37475.6949976
2017-08-19,0.073433,0.07,0.0704595,0.070509,0.07043,0.070489,62607.35282528
2017-08-18,0.07317,0.069131,0.071445,0.071474,0.071432,0.071458,58576.15568302
2017-08-17,0.07141,0.06848,0.0699295,0.06995,0.06992,0.069939,54848.9441829
2017-08-16,0.07399,0.068008,0.0694125,0.06941,0.06941,0.069415,48153.92999184
2017-08-15,0.071846,0.065629,0.0680975,0.0681,0.068095,0.0681,76645.11475404
2017-08-14,0.076242,0.06851,0.0700835,0.07002,0.070021,0.070146,51936.11064745
2017-08-13,0.080302,0.068342,0.072534,0.072479,0.072489,0.072579,97871.54496618
2017-08-12,0.087364,0.080103,0.0802315,0.080232,0.080231,0.080232,44014.5413367
2017-08-11,0.088412,0.08296,0.083985,0.084072,0.083901,0.084069,44502.13624961
2017-08-10,0.090649,0.086628,0.087827,0.087756,0.087781,0.087873,31934.70064437
2017-08-09,0.09374,0.084941,0.0887785,0.088778,0.088778,0.088779,89692.76167645
2017-08-08,0.087796,0.078473,0.0855215,0.085544,0.085501,0.085542,63786.10207834
2017-08-07,0.083119,0.078755,0.079029,0.07901,0.079008,0.07905,42399.87154794
2017-08-06,0.083618,0.0767,0.083048,0.08305,0.08303,0.083066,47053.85418021
2017-08-05,0.078549,0.07125,0.077149,0.0771,0.07706,0.077238,65525.92361038
2017-08-04,0.08179,0.075431,0.0775005,0.077501,0.0775,0.077501,55003.76502872
2017-08-03,0.08483,0.08,0.080274,0.080141,0.080141,0.080407,46140.1224315
2017-08-02,0.084246,0.079402,0.0811265,0.081176,0.081073,0.08118,54603.07925324
2017-08-01,0.085,0.069937,0.08293,0.083,0.08286,0.083,139653.69044216
2017-07-31,0.07274,0.067,0.070023,0.070079,0.070013,0.070033,69449.54297325
2017-07-30,0.078548,0.070911,0.0714355,0.0714,0.071393,0.071478,66994.01523076
2017-07-29,0.07446,0.066,0.0741495,0.074203,0.074108,0.074191,71747.6460999
2017-07-28,0.076559,0.0671,0.068602,0.068662,0.068584,0.06862,145235.67296052
2017-07-27,0.080514,0.07614,0.0764505,0.076312,0.076422,0.076479,65843.34915369
2017-07-26,0.081,0.07798,0.0803995,0.0804,0.080399,0.0804,43313.29572664
2017-07-25,0.081905,0.07601,0.0779065,0.077958,0.077855,0.077958,53262.88741726
2017-07-24,0.083509,0.081503,0.081819,0.081892,0.081756,0.081882,38348.05432246
2017-07-23,0.084223,0.080661,0.0834555,0.083024,0.083455,0.083456,42035.50037449
2017-07-22,0.084387,0.079296,0.083455,0.082704,0.083455,0.083455,37023.5646484
2017-07-21,0.087365,0.073373,0.0835075,0.081399,0.083455,0.08356,74419.17659988
2017-07-20,0.095,0.07799,0.083469,0.0781,0.083455,0.083483,98412.2270097
2017-07-19,0.10281,0.08501,0.085254,0.08531,0.085198,0.08531,102009.07064718
2017-07-18,0.10999,0.082691,0.097407,0.097406,0.097406,0.097408,107777.45220152
2017-07-17,0.086378,0.080124,0.0852705,0.085373,0.08524,0.085301,52671.58142347
2017-07-16,0.08667,0.074082,0.081165,0.08117,0.08116,0.08117,116550.75133403
2017-07-15,0.091087,0.085505,0.086123,0.086025,0.086048,0.086198,57566.41101446
2017-07-14,0.088967,0.08308,0.088336,0.088337,0.088335,0.088337,41783.34507795
2017-07-13,0.095,0.0831,0.0876135,0.087601,0.0876,0.087627,59834.64189542
2017-07-12,0.0943,0.080657,0.093169,0.09328,0.093109,0.093229,81716.5965107
2017-07-11,0.09098,0.07512,0.0827945,0.082779,0.082793,0.082796,175664.30380536
2017-07-10,0.09571,0.08806,0.0881685,0.08806,0.08806,0.088277,104298.37824759
2017-07-09,0.0979,0.092945,0.0956755,0.09572,0.095663,0.095688,40854.82039892
2017-07-08,0.098303,0.093165,0.0944815,0.094487,0.094474,0.094489,52509.23570059
2017-07-07,0.103,0.0956,0.095698,0.095693,0.095696,0.0957,48920.31756876
2017-07-06,0.10599,0.10059,0.102305,0.10239,0.10224,0.10237,41203.19841582
2017-07-05,0.10543,0.098289,0.10218,0.10217,0.10217,0.10219,50574.39592126
2017-07-04,0.10941,0.1035,0.10374,0.10371,0.10372,0.10376,38199.48342545
2017-07-03,0.11448,0.10787,0.107965,0.10803,0.1079,0.10803,44109.38485947
2017-07-02,0.11663,0.10613,0.113795,0.1138,0.11379,0.1138,40665.5166671
2017-07-01,0.11489,0.10513,0.108755,0.10877,0.10872,0.10879,63617.59532659
2017-06-30,0.12171,0.11051,0.11067,0.11068,0.11066,0.11068,42940.80475393
2017-06-29,0.12637,0.1136,0.117045,0.1171,0.117,0.11709,44239.64794776
2017-06-28,0.1248,0.10578,0.123775,0.12388,0.12375,0.1238,64948.76507329
2017-06-27,0.11069,0.092631,0.11037,0.11006,0.11006,0.11068,83189.11810377
2017-06-26,0.11463,0.092929,0.10259,0.1025,0.1025,0.10268,137194.97942797
2017-06-25,0.12036,0.10398,0.1097,0.10996,0.10964,0.10976,77845.49553626
2017-06-24,0.12214,0.11703,0.119065,0.11905,0.11905,0.11908,48773.41534251
2017-06-23,0.125,0.11831,0.12095,0.1211,0.1208,0.1211,40921.8151587
2017-06-22,0.12461,0.11339,0.119005,0.11828,0.11896,0.11905,116756.56400332
2017-06-21,0.13041,0.1088,0.118735,0.11873,0.11873,0.11874,154129.58158285
2017-06-20,0.14107,0.1198,0.12523,0.12546,0.125,0.12546,72673.48440381
2017-06-19,0.14133,0.13809,0.138505,0.1385,0.1385,0.13851,28521.97502849
2017-06-18,0.144,0.13774,0.13999,0.14018,0.1398,0.14018,31869.94021388
2017-06-17,0.1432,0.137,0.13781,0.1378,0.1378,0.13782,36973.61495325
2017-06-16,0.145,0.1368,0.142295,0.1424,0.14219,0.1424,31387.54275951
2017-06-15,0.143,0.12951,0.141725,0.14163,0.1415,0.14195,92230.22422478
2017-06-14,0.14441,0.135,0.140225,0.14007,0.14007,0.14038,59372.25950603
2017-06-13,0.1515,0.13216,0.140495,0.14049,0.14049,0.1405,83592.22640339
2017-06-12,0.149,0.11382,0.14432,0.14448,0.14418,0.14446,149448.14352994
2017-06-11,0.1229,0.10922,0.116295,0.11607,0.11618,0.11641,93356.25305719
2017-06-10,0.11846,0.098603,0.118145,0.11801,0.11814,0.11815,84038.872803
2017-06-09,0.099051,0.091443,0.098805,0.09879,0.09879,0.09882,30717.69053574
2017-06-08,0.095855,0.092054,0.092649,0.092641,0.092641,0.092657,23640.21792351
2017-06-07,0.095009,0.091578,0.0937165,0.094,0.093516,0.093917,22066.81083459
2017-06-06,0.094562,0.086411,0.0918865,0.091957,0.091816,0.091957,55205.41989667
2017-06-05,0.098112,0.09177,0.0924425,0.09247,0.092414,0.092471,31557.48287186
2017-06-04,0.1005,0.087,0.0980665,0.098009,0.09801,0.098123,46169.29222917
2017-06-03,0.0917,0.0856,0.0873595,0.087359,0.087359,0.08736,47122.21153328
2017-06-02,0.095439,0.0898,0.090261,0.090517,0.090019,0.090503,42495.09307296
2017-06-01,0.10027,0.08801,0.0926275,0.092894,0.09236,0.092895,74858.6673362
2017-05-31,0.10757,0.094593,0.0994175,0.099233,0.099204,0.099631,131348.21521147
2017-05-30,0.107,0.084173,0.1049,0.10485,0.10464,0.10516,105338.71118238
2017-05-29,0.086249,0.076785,0.086145,0.086169,0.08612,0.08617,35605.50713926
2017-05-28,0.080699,0.07451,0.0782565,0.078172,0.078197,0.078316,57805.88597642
2017-05-27,0.077224,0.063,0.0748495,0.0746,0.0746,0.075099,135429.02239023
2017-05-26,0.077038,0.07074,0.071984,0.07181,0.07181,0.072158,60539.91344141
2017-05-25,0.07983,0.0721,0.0748195,0.075061,0.074577,0.075062,96928.17850865
2017-05-24,0.083775,0.073766,0.07924,0.079509,0.078977,0.079503,101983.25087248
2017-05-23,0.0769,0.06886,0.074896,0.07489,0.07478,0.075012,70570.29692082
2017-05-22,0.08475,0.066915,0.069763,0.069558,0.069558,0.069968,195718.43779588
2017-05-21,0.071,0.058263,0.0709785,0.071,0.070957,0.071,124067.69286378
2017-05-20,0.065,0.060409,0.0612065,0.061175,0.061175,0.061238,65344.79261072
2017-05-19,0.065748,0.049938,0.063827,0.06382,0.063823,0.063831,198839.91381006
2017-05-18,0.052223,0.047365,0.049899,0.049938,0.04986,0.049938,50010.63435891
2017-05-17,0.050383,0.046411,0.047482,0.047414,0.047414,0.04755,59093.82746943
2017-05-16,0.053978,0.049491,0.050235,0.05025,0.050204,0.050266,26209.75891338
2017-05-15,0.054957,0.049502,0.051419,0.051411,0.051398,0.05144,55788.25541035
2017-05-14,0.05022,0.04872,0.0497085,0.049835,0.049599,0.049818,13665.21227819
2017-05-13,0.0515,0.049331,0.049599,0.049674,0.049525,0.049673,28189.09930144
2017-05-12,0.051798,0.04728,0.049816,0.049713,0.049734,0.049898,49549.30593241
2017-05-11,0.050498,0.046142,0.048109,0.048174,0.048047,0.048171,62422.70571005
2017-05-10,0.052777,0.048123,0.0490915,0.049003,0.048942,0.049241,58029.9125686
2017-05-09,0.053768,0.042066,0.0506215,0.050771,0.050485,0.050758,133608.30278478
2017-05-08,0.058762,0.0525,0.0536285,0.05377,0.053472,0.053785,63354.60979387
2017-05-07,0.06197,0.05725,0.0572815,0.05725,0.05725,0.057313,29255.10329451
2017-05-06,0.0604,0.058,0.059914,0.05981,0.059734,0.060094,34912.2366443
2017-05-05,0.062879,0.0571,0.059623,0.05954,0.05954,0.059706,83937.66317181
2017-05-04,0.062,0.052022,0.06185,0.062,0.061702,0.061998,64485.15485211
2017-05-03,0.054664,0.051072,0.0530065,0.052903,0.052904,0.053109,40030.87373244
2017-05-02,0.05503,0.049829,0.0531165,0.05297,0.052987,0.053246,38316.00184773
2017-05-01,0.060081,0.00975,0.053245,0.053137,0.05315,0.05334,123938.98439079
2017-04-30,0.059627,0.051449,0.056976,0.056814,0.056889,0.057063,77249.96810539
2017-04-29,0.0543,0.050001,0.0519445,0.05211,0.051812,0.052077,44912.90717433
2017-04-28,0.054521,0.046275,0.052746,0.052871,0.052626,0.052866,120817.01566319
2017-04-27,0.049574,0.040528,0.046322,0.04627,0.04627,0.046374,105841.52335577
2017-04-26,0.0417,0.039,0.040906,0.040941,0.040867,0.040945,68128.32311044
2017-04-25,0.040041,0.039004,0.039161,0.039269,0.039159,0.039163,17991.70865066
2017-04-24,0.040566,0.038979,0.039993,0.039986,0.039986,0.04,24714.29418542
2017-04-23,0.039568,0.038712,0.039062,0.039001,0.03899,0.039134,24755.94654266
2017-04-22,0.0398,0.0383,0.0388195,0.03882,0.038819,0.03882,18512.09786014
2017-04-21,0.040119,0.03855,0.0391135,0.039063,0.039061,0.039166,25250.61950196
2017-04-20,0.04103,0.037105,0.039868,0.039928,0.039815,0.039921,57014.58675732
2017-04-19,0.041839,0.040963,0.040979,0.040963,0.040927,0.041031,23368.31255188
2017-04-18,0.0419,0.039697,0.041498,0.041539,0.041452,0.041544,48074.43375129
2017-04-17,0.041149,0.039516,0.039723,0.03972,0.039698,0.039748,45748.64723506
2017-04-16,0.0421,0.039991,0.040574,0.040576,0.040571,0.040577,15978.25284282
2017-04-15,0.04211,0.039329,0.041632,0.04175,0.041527,0.041737,73658.37301145
2017-04-14,0.042994,0.038524,0.040225,0.040213,0.040168,0.040282,66548.49734908
2017-04-13,0.043805,0.037839,0.0420335,0.041973,0.041974,0.042093,98490.51178811
2017-04-12,0.039612,0.03542,0.038195,0.038241,0.038149,0.038241,51370.44347392
2017-04-11,0.037179,0.035391,0.0355855,0.035536,0.03554,0.035631,31356.29650415
2017-04-10,0.037106,0.034822,0.036246,0.03625,0.036198,0.036294,41714.71619193
2017-04-09,0.03775,0.035466,0.036174,0.036227,0.036144,0.036204,33495.31959514
2017-04-08,0.0388,0.035217,0.0377275,0.037821,0.037701,0.037754,57906.94934233
2017-04-07,0.03781,0.0347,0.03563,0.035678,0.035594,0.035666,60911.22250478
2017-04-06,0.040333,0.034162,0.03592,0.035973,0.035805,0.036035,144784.19138325
2017-04-05,0.043643,0.038219,0.0402825,0.040245,0.04024,0.040325,476118.81497408
2017-04-04,0.04093,0.035507,0.0383315,0.038313,0.038284,0.038379,135102.97122588
2017-04-03,0.044075,0.036932,0.0373425,0.037254,0.037276,0.037409,186784.832776
2017-04-02,0.04723,0.038001,0.0439475,0.043856,0.043818,0.044077,129612.62400675
2017-04-01,0.049753,0.044,0.046533,0.046715,0.046464,0.046602,77171.43040565
2017-03-31,0.050181,0.042811,0.0454325,0.045469,0.045396,0.045469,145083.58841713
2017-03-30,0.051832,0.04851,0.0500625,0.050007,0.050009,0.050116,74678.82624589
2017-03-29,0.053299,0.047789,0.050913,0.05099,0.050825,0.051001,119922.6833752
2017-03-28,0.049319,0.045496,0.048114,0.048,0.0481,0.048128,86001.77888894
2017-03-27,0.05336,0.044546,0.04744,0.047339,0.04733,0.04755,108221.96540545
2017-03-26,0.054252,0.048133,0.0528685,0.052538,0.052807,0.05293,116305.11670742
2017-03-25,0.12,0.050615,0.052303,0.052345,0.052212,0.052394,219536.75139494
2017-03-24,0.054999,0.04161,0.05481,0.05472,0.05472,0.0549,347029.69961109
2017-03-23,0.042999,0.038682,0.0424525,0.042465,0.042424,0.042481,65630.0044995
2017-03-22,0.0412,0.036524,0.040119,0.040166,0.040079,0.040159,97220.74458205
2017-03-21,0.041173,0.037546,0.037814,0.037851,0.0378,0.037828,86454.60327203
2017-03-20,0.04365,0.03827,0.0430005,0.042935,0.042947,0.043054,120051.29713591
2017-03-14,0.02415,0.021866,0.022929,0.022861,0.022861,0.022997,113361.53201575
2017-03-13,0.025018,0.018844,0.0230165,0.023006,0.023003,0.02303,287751.60628491
2017-03-12,0.01841,0.016271,0.0181605,0.018152,0.01815,0.018171,155514.28728534
2017-03-11,0.017997,0.014334,0.0173615,0.017261,0.017354,0.017369,216796.30614563
2017-03-10,0.01497,0.014148,0.014802,0.014836,0.01477,0.014834,44974.99415077
2017-03-09,0.015381,0.01432,0.0143875,0.014419,0.01434,0.014435,64693.54879858
2017-03-08,0.015621,0.01495,0.0152875,0.015287,0.015287,0.015288,53297.75891801
2017-03-07,0.015749,0.014943,0.015256,0.015251,0.015245,0.015267,36468.17904112
2017-03-06,0.015298,0.0144,0.0151035,0.015083,0.015083,0.015124,31804.27589387
2017-03-05,0.015655,0.014591,0.0145885,0.014591,0.014588,0.014589,46201.79087383
2017-03-04,0.016299,0.01438,0.0151145,0.01515,0.01508,0.015149,176357.75785152
2017-03-03,0.01542,0.013643,0.0151185,0.01511,0.01509,0.015147,123099.67426473
2017-03-02,0.014218,0.01275,0.0141115,0.014131,0.014098,0.014125,107081.62802
2017-03-01,0.013473,0.0127,0.0132485,0.013249,0.013248,0.013249,102473.50189084
2017-02-28,0.0132,0.012064,0.012948,0.01296,0.012928,0.012968,58706.44286385
2017-02-27,0.012433,0.01162,0.0123795,0.012405,0.012379,0.01238,42783.7413066
2017-02-26,0.011973,0.01096,0.0117605,0.011746,0.011749,0.011772,83420.15071353
2017-02-25,0.011473,0.010567,0.01106,0.011055,0.011051,0.011069,64222.28490903
2017-02-24,0.01141,0.01107,0.0111485,0.0112,0.011142,0.011155,59233.87267192
2017-02-23,0.01155,0.01115,0.011199,0.011183,0.011193,0.011205,35803.62789221
2017-02-22,0.011672,0.010979,0.0113295,0.011329,0.011329,0.01133,65199.39223443
2017-02-21,0.012354,0.011121,0.0113585,0.011381,0.011336,0.011381,46923.5132666
2017-02-20,0.01226,0.012048,0.012144,0.012149,0.01212,0.012168,22410.8713069
2017-02-19,0.01216,0.011913,0.012142,0.01215,0.01214,0.012144,21114.88761046
2017-02-18,0.012429,0.011978,0.0120515,0.012043,0.012043,0.01206,27165.40391219
2017-02-17,0.012756,0.012131,0.012391,0.012385,0.012368,0.012414,33956.12116189
2017-02-16,0.012949,0.0125,0.012777,0.012793,0.012756,0.012798,68085.31589883
2017-02-15,0.0133,0.01136,0.0129105,0.0129,0.0129,0.012921,144422.27271919
2017-02-14,0.01144,0.011207,0.0113635,0.011358,0.011358,0.011369,17187.43655163
2017-02-13,0.01138,0.0112,0.011371,0.01138,0.011362,0.01138,25049.84896901
2017-02-12,0.01142,0.011154,0.011269,0.011269,0.011267,0.011271,18072.37699904
2017-02-11,0.011585,0.011074,0.0113575,0.01136,0.011355,0.01136,41190.58777747
2017-02-10,0.01134,0.010605,0.01108,0.011092,0.011068,0.011092,45886.33647858
2017-02-09,0.0109,0.010679,0.010755,0.010752,0.010754,0.010756,35524.30495863
2017-02-08,0.011098,0.01085,0.0108735,0.010872,0.010872,0.010875,7378.72893977
2017-02-07,0.011115,0.010902,0.0110135,0.011024,0.011005,0.011022,14614.67184049
2017-02-06,0.011127,0.010901,0.011037,0.011031,0.011026,0.011048,10269.83399449
2017-02-05,0.011279,0.010796,0.0109955,0.010985,0.010985,0.011006,40675.67027276
2017-02-04,0.01083,0.010402,0.010803,0.010803,0.010796,0.01081,36666.34410358
2017-02-03,0.010859,0.010645,0.010693,0.010703,0.010676,0.01071,17936.2538878
2017-02-02,0.011157,0.010695,0.010859,0.010856,0.010856,0.010862,68819.2801514
2017-02-01,0.011489,0.010962,0.011071,0.011067,0.011057,0.011085,67230.59956455
2017-01-31,0.011652,0.011345,0.0114585,0.011438,0.01145,0.011467,25430.64453574
2017-01-30,0.011489,0.01134,0.011423,0.011411,0.011412,0.011434,6936.68389129
2017-01-29,0.011499,0.011251,0.0114825,0.011487,0.011479,0.011486,23196.80597944
2017-01-28,0.011541,0.01134,0.011436,0.011462,0.011415,0.011457,36053.37763548
2017-01-27,0.011726,0.011443,0.01152,0.011519,0.011515,0.011525,38873.32482605
2017-01-26,0.01189,0.011631,0.0117035,0.011698,0.011698,0.011709,41244.93718124
2017-01-25,0.011908,0.011605,0.0118955,0.011881,0.011881,0.01191,44822.02705739
2017-01-24,0.011787,0.01154,0.011778,0.011787,0.011764,0.011792,21559.47023722
2017-01-23,0.01185,0.011533,0.011553,0.011544,0.01154,0.011566,21573.16568184
2017-01-22,0.0121,0.011487,0.0118305,0.011849,0.011813,0.011848,53517.29946919
2017-01-21,0.012054,0.011519,0.0118475,0.011845,0.011844,0.011851,27730.65938338
2017-01-20,0.011629,0.011331,0.011532,0.011537,0.011527,0.011537,26193.65741845
2017-01-19,0.011767,0.011306,0.0115205,0.011514,0.011514,0.011527,46808.44759224
2017-01-18,0.011937,0.011041,0.0113145,0.011318,0.011312,0.011317,167620.50991883
2017-01-17,0.01186,0.011405,0.011511,0.011471,0.011493,0.011529,35382.72784728
2017-01-16,0.01206,0.011766,0.011846,0.011857,0.011844,0.011848,19839.65352217
2017-01-15,0.012,0.011478,0.011837,0.01184,0.011832,0.011842,27202.72237289
2017-01-14,0.012215,0.0115,0.011724,0.011712,0.011709,0.011739,46485.26993497
2017-01-13,0.0126,0.011921,0.0120375,0.012051,0.012036,0.012039,74783.36183504
2017-01-12,0.01246,0.01152,0.012361,0.012327,0.012316,0.012406,133346.68057547
2017-01-11,0.01185,0.01123,0.011608,0.011581,0.011587,0.011629,44898.21634769
2017-01-10,0.0122,0.011224,0.0114955,0.011423,0.011445,0.011546,145311.48093474
2017-01-09,0.01149,0.0106,0.0113145,0.011314,0.011314,0.011315,118659.99384783
2017-01-08,0.011844,0.01073,0.010832,0.01083,0.01083,0.010834,127267.56822031
2017-01-07,0.011729,0.010071,0.0112625,0.011277,0.011247,0.011278,207616.47719603
2017-01-06,0.0105,0.0092375,0.010211,0.01018,0.01018,0.010242,138570.18488801
2017-01-05,0.010096,0.009052,0.00975245,0.00976,0.00975,0.0097549,126065.15081073
2017-01-04,0.0097365,0.008067,0.00930045,0.0093,0.009295,0.0093059,207548.64925865
2017-01-03,0.008396,0.0078501,0.00821055,0.008214,0.0082081,0.008213,61641.38368791
2017-01-02,0.0089209,0.008031,0.00820945,0.0082192,0.008207,0.0082119,43488.05025276
2017-01-01,0.008704,0.0082523,0.00832815,0.0083311,0.0083252,0.0083311,27330.99090082
2016-12-31,0.009038,0.008414,0.00850325,0.0085039,0.008503,0.0085035,45349.89608172
2016-12-30,0.00889,0.007703,0.00852,0.00852,0.0085,0.00854,130518.9051807
2016-12-29,0.0080201,0.0073,0.00769945,0.0077029,0.007696,0.0077029,82036.75436117
2016-12-28,0.0081296,0.0075,0.0076797,0.007715,0.0076605,0.0076989,67998.92888309
2016-12-27,0.008184,0.0077892,0.00803,0.008053,0.008017,0.008043,23267.42242938
2016-12-26,0.0084072,0.0079688,0.0079844,0.0079688,0.0079698,0.007999,52431.55326214
2016-12-25,0.008307,0.007651,0.008078,0.0080735,0.00807,0.008086,21072.02507532
2016-12-24,0.008765,0.007686,0.0077561,0.007754,0.007754,0.0077582,145669.4051535
2016-12-23,0.009494,0.0085,0.0087639,0.008755,0.0087548,0.008773,105336.18999374
2016-12-22,0.0096937,0.009373,0.009491,0.00949,0.009473,0.009509,35558.28412565
2016-12-21,0.009771,0.0094648,0.009583,0.009555,0.009557,0.009609,27237.95645687
2016-12-20,0.0099418,0.009568,0.009617,0.0096199,0.0096141,0.0096199,15344.01236172
2016-12-19,0.01009,0.009723,0.00996025,0.010009,0.0099313,0.0099892,20949.37947236
2016-12-18,0.01002,0.0094649,0.0099285,0.009905,0.009905,0.009952,35504.28291599
2016-12-17,0.010187,0.0099212,0.010009,0.01001,0.009998,0.01002,8844.13362577
2016-12-16,0.010554,0.00992,0.0100675,0.01004,0.010065,0.01007,38148.90868466
2016-12-15,0.01101,0.010534,0.010572,0.010599,0.010554,0.01059,7950.13569281
2016-12-14,0.010947,0.01065,0.0108175,0.010748,0.01079,0.010845,9073.55835966
2016-12-13,0.01107,0.0105,0.010926,0.010904,0.010922,0.01093,57571.85467654
2016-12-12,0.010928,0.010434,0.010646,0.01066,0.010622,0.01067,19813.72205322
2016-12-11,0.011013,0.010305,0.0104795,0.01049,0.010469,0.01049,17903.83494934
2016-12-10,0.011269,0.010352,0.010894,0.010921,0.010868,0.01092,40914.56027161
2016-12-09,0.011577,0.010605,0.010627,0.010605,0.010608,0.010646,72625.26075146
2016-12-08,0.011596,0.0095748,0.0108995,0.010905,0.010894,0.010905,206954.59986818
2016-12-07,0.0104,0.00775,0.0103065,0.010293,0.010293,0.01032,314941.10541077
2016-12-06,0.010098,0.00875,0.0089775,0.009012,0.008954,0.009001,142535.6280601
2016-12-05,0.010341,0.00958,0.00961,0.009623,0.009591,0.009629,28294.18276878
2016-12-04,0.010643,0.0098665,0.010278,0.010273,0.010271,0.010285,68810.85911811
2016-12-03,0.011175,0.00951,0.0100065,0.010004,0.01,0.010013,97656.26831579
2016-12-02,0.01159,0.011068,0.0111725,0.011204,0.011157,0.011188,19962.90785857
2016-12-01,0.011875,0.011021,0.0115335,0.011533,0.011533,0.011534,39621.40723286
2016-11-30,0.011872,0.0106,0.0110475,0.01108,0.011014,0.011081,104127.19676469
2016-11-29,0.012324,0.0118,0.011843,0.011842,0.011832,0.011854,17028.63016656
2016-11-28,0.012702,0.0119,0.012305,0.012343,0.01226,0.01235,46256.04439042
2016-11-27,0.012952,0.012567,0.0126375,0.012659,0.012626,0.012649,12121.37416718
2016-11-26,0.013233,0.012462,0.012653,0.012673,0.012641,0.012665,42991.25032287
2016-11-25,0.013237,0.012,0.0125005,0.012464,0.01247,0.012531,78511.04108563
2016-11-24,0.01348,0.013,0.0132425,0.013237,0.013237,0.013248,10964.62766728
2016-11-23,0.013836,0.012827,0.0131905,0.013183,0.013183,0.013198,22132.01126872
2016-11-22,0.0132,0.012853,0.0130055,0.01297,0.012972,0.013039,11598.28456491
2016-11-21,0.013427,0.0127,0.0131215,0.013104,0.013104,0.013139,25114.71964169
2016-11-20,0.013052,0.012296,0.012841,0.012863,0.01281,0.012872,26079.4094757
2016-11-19,0.013599,0.01238,0.0126075,0.012637,0.012579,0.012636,36622.68611201
2016-11-18,0.01367,0.013129,0.0134845,0.01349,0.013479,0.01349,58680.58644334
2016-11-17,0.01454,0.01335,0.0135095,0.01351,0.013509,0.01351,58779.67804532
2016-11-16,0.01448,0.01387,0.014328,0.014339,0.014317,0.014339,16039.23982937
2016-11-15,0.014486,0.0141,0.014144,0.014153,0.014135,0.014153,8217.88226604
2016-11-14,0.01503,0.014021,0.0143825,0.014423,0.014342,0.014423,21618.97500925
2016-11-13,0.014632,0.013739,0.014036,0.014022,0.013995,0.014077,24111.24335788
2016-11-12,0.01484,0.0143,0.0143445,0.014368,0.014321,0.014368,24948.64384191
2016-11-11,0.015001,0.014513,0.0146715,0.014632,0.014635,0.014708,18942.86848607
2016-11-10,0.015223,0.013951,0.0147695,0.01476,0.01476,0.014779,30638.12699893
2016-11-09,0.015599,0.01502,0.015262,0.015227,0.015219,0.015305,9408.40638714
2016-11-08,0.015571,0.015282,0.0154565,0.01547,0.01541,0.015503,5202.83741059
2016-11-06,0.015727,0.015304,0.015336,0.015387,0.015301,0.015371,21757.35173578
2016-11-05,0.015889,0.015556,0.015707,0.015673,0.015681,0.015733,50162.07896513
2016-11-04,0.016046,0.0153,0.0158885,0.015888,0.015888,0.015889,19717.08923559
2016-11-03,0.016144,0.0144,0.016043,0.016037,0.01604,0.016046,34473.59774246
2016-11-02,0.015505,0.0146,0.0147885,0.014819,0.014758,0.014819,36252.02977367
2016-11-01,0.01576,0.0138,0.014687,0.0147,0.014674,0.0147,63973.2261611
2016-10-31,0.016503,0.015449,0.0158195,0.015878,0.015771,0.015868,34412.03350593
2016-10-30,0.016399,0.01441,0.0162525,0.016204,0.016204,0.016301,20823.27659215
2016-10-29,0.016146,0.01355,0.0145015,0.0145,0.0145,0.014503,94128.4535902
2016-10-28,0.017012,0.0159,0.0160295,0.016095,0.016015,0.016044,24614.73432842
2016-10-27,0.017211,0.016328,0.0167285,0.01676,0.016677,0.01678,26730.87806005
2016-10-26,0.017554,0.0169,0.0170645,0.017136,0.017006,0.017123,16406.95801302
2016-10-25,0.018308,0.016827,0.0171255,0.017133,0.017121,0.01713,20217.76321629
2016-10-24,0.018457,0.018268,0.018315,0.018308,0.018308,0.018322,4923.79617342
2016-10-23,0.01858,0.0182,0.018359,0.018352,0.018352,0.018366,7627.13553391
2016-10-22,0.019193,0.0183,0.0184305,0.018363,0.018381,0.01848,4824.3094671
2016-10-21,0.019206,0.018949,0.019183,0.019159,0.019166,0.0192,7504.22763969
2016-10-20,0.019523,0.018987,0.0190935,0.019123,0.019088,0.019099,10813.99469388
2016-10-19,0.019795,0.018831,0.0190375,0.019033,0.01899,0.019085,9994.95461289
2016-10-18,0.02022,0.018755,0.0196325,0.019634,0.019631,0.019634,26935.29144179
2016-10-17,0.01885,0.018469,0.0187685,0.018723,0.018723,0.018814,14204.28470963
2016-10-16,0.018788,0.018521,0.018527,0.018528,0.018511,0.018543,3432.89524467
2016-10-15,0.018879,0.018343,0.0188265,0.018872,0.018786,0.018867,2984.50967347
2016-10-14,0.01907,0.01855,0.018638,0.018609,0.018606,0.01867,4883.75916385
2016-10-13,0.01904,0.018405,0.018936,0.019018,0.018903,0.018969,7810.46960072
2016-10-12,0.018956,0.018219,0.0184565,0.018439,0.01844,0.018473,14822.02309275
2016-10-11,0.019525,0.018204,0.018429,0.018404,0.01839,0.018468,18686.76105898
2016-10-10,0.019602,0.018756,0.0189535,0.018966,0.018941,0.018966,25822.97893988
2016-10-09,0.020039,0.019351,0.019483,0.019481,0.019481,0.019485,10331.4427254
2016-10-08,0.020563,0.019334,0.0197075,0.01964,0.019667,0.019748,16629.2481539
2016-10-07,0.021184,0.020217,0.0205195,0.020454,0.020479,0.02056,20869.36888156
2016-10-06,0.021493,0.020616,0.0209555,0.020955,0.020955,0.020956,32214.13510543
2016-10-05,0.021848,0.021275,0.02131,0.021275,0.02127,0.02135,10570.05083184
2016-10-04,0.02224,0.021621,0.0217635,0.02179,0.021744,0.021783,5903.26917898
2016-10-03,0.022099,0.021464,0.022014,0.02199,0.021981,0.022047,9779.68584546
2016-10-02,0.021807,0.0214,0.0215885,0.021589,0.021588,0.021589,5408.10335057
2016-10-01,0.02177,0.02123,0.0214925,0.021587,0.021468,0.021517,19113.57677422
2016-09-30,0.02207,0.021369,0.021772,0.0218,0.02177,0.021774,12367.32883527
2016-09-29,0.02202,0.021453,0.021663,0.021696,0.021614,0.021712,9166.09394546
2016-09-28,0.022528,0.021539,0.0220095,0.022,0.022,0.022019,32981.83324964
2016-09-27,0.021899,0.021027,0.021629,0.021583,0.021582,0.021676,27356.07652297
2016-09-26,0.022,0.021079,0.021239,0.021169,0.021189,0.021289,15522.10521561
2016-09-25,0.02181,0.021209,0.021691,0.021623,0.021663,0.021719,8382.27910332
2016-09-24,0.022131,0.021,0.021275,0.021276,0.021274,0.021276,19941.81277397
2016-09-23,0.022473,0.021824,0.0221175,0.022076,0.022071,0.022164,15954.49694432
2016-09-22,0.023211,0.02084,0.022061,0.021986,0.022024,0.022098,70702.15396822
2016-09-21,0.024,0.02201,0.02239,0.022411,0.022348,0.022432,61595.70648758
2016-09-20,0.023495,0.0211,0.023262,0.023265,0.023206,0.023318,79006.90185488
2016-09-19,0.021499,0.019944,0.021062,0.02108,0.021045,0.021079,33383.53142413
2016-09-18,0.021389,0.019712,0.0200555,0.020062,0.020022,0.020089,28744.41281785
2016-09-17,0.021039,0.0205,0.0210115,0.021018,0.021002,0.021021,13448.62483194
2016-09-16,0.02108,0.019524,0.0207755,0.02084,0.020763,0.020788,77017.25879652
2016-09-15,0.019899,0.0195,0.0195665,0.019572,0.019561,0.019572,59790.96652493
2016-09-14,0.019692,0.019395,0.0195345,0.019564,0.019521,0.019548,22081.76192037
2016-09-13,0.019944,0.019325,0.0194845,0.019497,0.01947,0.019499,108301.19324876
2016-09-12,0.01969,0.0191,0.0195825,0.019581,0.019576,0.019589,15592.75259007
2016-09-11,0.01966,0.018597,0.019246,0.01923,0.019215,0.019277,19768.6772675
2016-09-10,0.019362,0.018445,0.019297,0.019314,0.019251,0.019343,8467.00986011
2016-09-09,0.01885,0.018044,0.018668,0.018665,0.018661,0.018675,33198.33750413
2016-09-08,0.019015,0.017833,0.018163,0.018149,0.018137,0.018189,61545.99663449
2016-09-07,0.01936,0.018702,0.0188075,0.018788,0.018788,0.018827,20820.78573171
2016-09-06,0.01936,0.018705,0.0191355,0.019102,0.019084,0.019187,11366.2732854
2016-09-05,0.01955,0.019007,0.0192615,0.019313,0.019211,0.019312,46841.98361917
2016-09-04,0.01984,0.019,0.019243,0.019191,0.019215,0.019271,33293.71939252
2016-09-03,0.021552,0.018961,0.019712,0.019635,0.019643,0.019781,27841.44276179
2016-09-02,0.021474,0.020661,0.0210335,0.020965,0.020987,0.02108,18572.05404735
2016-09-01,0.022061,0.020148,0.021361,0.021292,0.021308,0.021414,31267.38280614
2016-08-31,0.020205,0.019371,0.0200855,0.020029,0.020029,0.020142,18982.65988181
2016-08-30,0.019616,0.019,0.019465,0.019515,0.019441,0.019489,11765.29248983
2016-08-29,0.019431,0.018553,0.019082,0.019141,0.019044,0.01912,15535.41368597
2016-08-28,0.019655,0.019095,0.019097,0.019095,0.019095,0.019099,5588.98387933
2016-08-27,0.019804,0.019397,0.01966,0.019662,0.019655,0.019665,3244.89477049
2016-08-26,0.01985,0.01932,0.0194385,0.019428,0.019427,0.01945,13527.69114114
2016-08-25,0.019651,0.018923,0.019548,0.01952,0.019506,0.01959,24783.72732797
2016-08-24,0.019189,0.0188,0.018968,0.01893,0.018926,0.01901,7730.54219561
2016-08-23,0.019279,0.018648,0.018871,0.018968,0.018836,0.018906,11446.5782055
2016-08-22,0.019404,0.018824,0.0188265,0.018828,0.018825,0.018828,20880.96406398
2016-08-21,0.0194,0.018801,0.0191575,0.01916,0.019155,0.01916,6590.48827015
2016-08-20,0.0195,0.0186,0.0193565,0.01935,0.019318,0.019395,39011.70948956
2016-08-19,0.018847,0.01855,0.018665,0.01869,0.018631,0.018699,24369.94957195
2016-08-18,0.0192,0.018626,0.0186875,0.018707,0.018652,0.018723,47740.43822291
2016-08-17,0.01975,0.01868,0.018734,0.0187,0.018718,0.01875,62493.54570114
2016-08-16,0.0198,0.0191,0.019194,0.0192,0.019188,0.0192,34735.87436573
2016-08-15,0.01987,0.019377,0.0196335,0.01964,0.019621,0.019646,30698.50380601
2016-08-14,0.02006,0.019501,0.0196775,0.019653,0.019653,0.019702,54036.38935972
2016-08-13,0.02003,0.0195,0.0196685,0.01969,0.019638,0.019699,69845.40409754
2016-08-12,0.02035,0.019721,0.0199725,0.02,0.019945,0.02,156254.91463868
2016-08-11,0.020783,0.019457,0.019761,0.01979,0.019732,0.01979,137943.95764062
2016-08-10,0.020555,0.0195,0.020459,0.020535,0.020377,0.020541,73314.97068459
2016-08-09,0.0,0.0,0.0209215,0.016824,0.02089,0.020953,0.0
2016-08-08,0.0,0.0,0.0191455,0.016824,0.019123,0.019168,0.0
2016-08-01,0.019499,0.018227,0.018416,0.01834,0.018394,0.018438,93484.4093936
2016-07-31,0.019703,0.018179,0.0188705,0.018863,0.018863,0.018878,154979.4123276
2016-07-30,0.019607,0.019124,0.019148,0.01915,0.019146,0.01915,32536.61367696
2016-07-29,0.019725,0.01919,0.019609,0.01961,0.019606,0.019612,76383.42311475
2016-07-28,0.019933,0.019,0.0196205,0.019599,0.019618,0.019623,91702.51257149
2016-07-27,0.020602,0.01816,0.019939,0.01996,0.019915,0.019963,256097.94421762
2016-07-26,0.02119,0.01803,0.018338,0.018325,0.018337,0.018339,449205.85826491
2016-07-25,0.02099,0.018982,0.0207785,0.020777,0.020777,0.02078,158821.67420148
2016-07-24,0.022289,0.0185,0.0190575,0.019033,0.019055,0.01906,459779.64148386
2016-07-23,0.022979,0.021231,0.0218305,0.0218,0.02183,0.021831,177469.30498524
2016-07-22,0.02285,0.01874,0.0224555,0.022455,0.022455,0.022456,371451.79410099
2016-07-21,0.0192,0.01798,0.0189115,0.018941,0.018909,0.018914,145563.88882225
2016-07-20,0.0195,0.0171,0.0188005,0.018801,0.0188,0.018801,409456.23591215
2016-07-19,0.018059,0.016267,0.017387,0.017383,0.017385,0.017389,156680.40756132
2016-07-18,0.017199,0.01611,0.0163865,0.016378,0.016385,0.016388,92326.53364501
2016-07-17,0.01773,0.016141,0.016671,0.016671,0.01667,0.016672,124388.3728055
2016-07-16,0.018171,0.017517,0.0177025,0.0177,0.0177,0.017705,42961.94614993
2016-07-15,0.0188,0.017325,0.0180975,0.018095,0.018095,0.0181,101210.83542554
2016-07-14,0.017819,0.015751,0.0173675,0.017368,0.017365,0.01737,129619.00488905
2016-07-13,0.016056,0.015502,0.015779,0.015796,0.015777,0.015781,51913.85858166
2016-07-12,0.016531,0.0155,0.015591,0.015596,0.015589,0.015593,83371.08192821
2016-07-11,0.01686,0.01578,0.016259,0.016261,0.016257,0.016261,146100.42925039
2016-07-10,0.0171,0.0165,0.0168015,0.016788,0.016799,0.016804,44246.6718984
2016-07-09,0.017405,0.0164,0.0167985,0.016766,0.016796,0.016801,186678.20406794
2016-07-08,0.0175,0.015526,0.0171375,0.01714,0.017135,0.01714,139640.58282053
2016-07-07,0.0162,0.015,0.0157165,0.015717,0.015715,0.015718,141372.01314559
2016-07-06,0.01648,0.015141,0.0156065,0.01561,0.015606,0.015607,118562.15275383
2016-07-05,0.017,0.014131,0.015528,0.01553,0.015526,0.01553,301750.19249801
2016-07-04,0.01797,0.016757,0.0168815,0.016882,0.016879,0.016884,68422.4387606
2016-07-03,0.0181,0.017002,0.0178445,0.017899,0.0178,0.017889,108261.21780261
2016-07-02,0.018267,0.0171,0.0172975,0.017299,0.017297,0.017298,87071.0660192
2016-07-01,0.018649,0.0172,0.0181835,0.018158,0.018178,0.018189,144053.39628781
2016-06-30,0.020495,0.018351,0.0185625,0.018533,0.01856,0.018565,93004.35954791
2016-06-29,0.020497,0.01814,0.020419,0.02042,0.020418,0.02042,141258.59161791
2016-06-28,0.02145,0.017796,0.018654,0.018652,0.018652,0.018656,317108.95970673
2016-06-27,0.022307,0.021,0.021433,0.021437,0.021432,0.021434,61706.75644323
2016-06-26,0.02282,0.021296,0.0218165,0.02185,0.021814,0.021819,55369.24642339
2016-06-25,0.0218,0.020601,0.021422,0.02142,0.021421,0.021423,65680.2186896
2016-06-24,0.021981,0.019825,0.0215755,0.021538,0.021574,0.021577,171089.7401736
2016-06-23,0.023478,0.021323,0.021775,0.021795,0.021758,0.021792,181147.75255755
2016-06-22,0.024879,0.01894,0.021752,0.02175,0.02175,0.021754,615449.80116373
2016-06-21,0.020131,0.016006,0.018916,0.01894,0.018892,0.01894,422119.30361589
2016-06-19,0.017882,0.01395,0.0163245,0.016324,0.016324,0.016325,718123.35143559
2016-06-18,0.021134,0.013,0.0153105,0.0153,0.0153,0.015321,1248044.247847
2016-06-17,0.0281,0.0177,0.019515,0.019519,0.01941,0.01962,1272344.1492077
2016-06-16,0.0272,0.025671,0.026976,0.02696,0.02696,0.026992,121994.89022393
2016-06-15,0.0277,0.026071,0.0264685,0.02654,0.026397,0.02654,63696.41884468
2016-06-14,0.02819,0.02491,0.0272415,0.027141,0.027144,0.027339,269147.10212643
2016-06-13,0.025283,0.022944,0.025183,0.025182,0.025181,0.025185,153871.51592048
2016-06-12,0.02393,0.022011,0.0229805,0.022999,0.022961,0.023,162815.69631827
2016-06-11,0.0242,0.023257,0.0235845,0.023569,0.023569,0.0236,47726.10508952
2016-06-10,0.02517,0.0238,0.0241395,0.02416,0.024119,0.02416,48770.1887788
2016-06-09,0.025553,0.02461,0.0249025,0.024925,0.02489,0.024915,31841.08240942
2016-06-08,0.02592,0.02475,0.024855,0.024856,0.024811,0.024899,70543.77669308
2016-06-07,0.025747,0.02336,0.025065,0.025009,0.025009,0.025121,105369.97015747
2016-06-06,0.0245,0.0236,0.0240205,0.02404,0.023993,0.024048,41329.11150219
2016-06-05,0.024849,0.023451,0.024198,0.02418,0.02418,0.024216,55353.17348973
2016-06-04,0.024748,0.022805,0.023975,0.023965,0.023965,0.023985,100604.08028513
2016-06-03,0.025897,0.023016,0.02414,0.024197,0.024081,0.024199,133803.39309918
2016-06-02,0.026347,0.025127,0.025435,0.025433,0.025433,0.025437,59078.71794062
2016-06-01,0.02735,0.024899,0.0259545,0.025916,0.025916,0.025993,90985.84552672
2016-05-31,0.0274,0.023261,0.02613,0.02612,0.02612,0.02614,215794.46856686
2016-05-30,0.024199,0.022667,0.0236645,0.023632,0.02363,0.023699,105238.65894954
2016-05-29,0.024298,0.0215,0.023711,0.023686,0.023652,0.02377,175254.69207328
2016-05-28,0.02496,0.0206,0.02204,0.022,0.022,0.02208,339176.99116981
2016-05-27,0.027765,0.02203,0.0232915,0.023282,0.023244,0.023339,383545.77218102
2016-05-26,0.0289,0.0265,0.0274715,0.027313,0.027426,0.027517,151713.26702321
2016-05-25,0.028979,0.0261,0.0279105,0.027885,0.027822,0.027999,189814.38944319
2016-05-24,0.03099,0.02685,0.0284935,0.028445,0.02844,0.028547,361314.26754577
2016-05-23,0.032921,0.03017,0.0302815,0.03035,0.030213,0.03035,135482.02959957
2016-05-22,0.032784,0.03102,0.0323625,0.03243,0.032295,0.03243,81392.89630998
2016-05-21,0.031852,0.02954,0.031499,0.0315,0.031497,0.031501,214261.52041116
2016-05-20,0.034,0.03031,0.03121,0.031309,0.031151,0.031269,333703.18327725
2016-05-19,0.03309,0.0283,0.033061,0.03306,0.03306,0.033062,322527.77477379
2016-05-18,0.03176,0.026621,0.028345,0.028311,0.028311,0.028379,398941.89257277
2016-05-17,0.027585,0.02439,0.026684,0.02664,0.026668,0.0267,207865.02097398
2016-05-16,0.0255,0.021654,0.0244105,0.024411,0.02441,0.024411,176851.19918449
2016-05-15,0.022888,0.0216,0.0217835,0.02174,0.021756,0.021811,49664.30472246
2016-05-14,0.0235,0.02125,0.0221785,0.022219,0.022132,0.022225,127663.38403901
2016-05-13,0.024433,0.022,0.0230765,0.023171,0.023011,0.023142,234822.99030605
2016-05-12,0.023354,0.02182,0.022126,0.022051,0.022051,0.022201,174538.6744428
2016-05-11,0.022159,0.02065,0.0219455,0.02195,0.021941,0.02195,106088.56992342
2016-05-10,0.02108,0.019956,0.0206475,0.020645,0.020645,0.02065,55006.06748292
2016-05-09,0.0211,0.019754,0.02016,0.02015,0.02015,0.02017,63263.32956881
2016-05-08,0.02112,0.019318,0.020739,0.02071,0.020715,0.020763,86961.68039133
2016-05-07,0.020768,0.019936,0.0203635,0.020368,0.020335,0.020392,49645.3030673
2016-05-06,0.02225,0.0198,0.020371,0.020269,0.020266,0.020476,172890.42908584
2016-05-05,0.022729,0.02065,0.0219025,0.021857,0.021855,0.02195,110726.22500226
2016-05-04,0.02243,0.020487,0.021111,0.021064,0.021048,0.021174,135391.42469528
2016-05-03,0.02308,0.0207,0.020867,0.020819,0.020726,0.021008,95345.98355519
2016-05-02,0.025,0.01939,0.022765,0.022705,0.02275,0.02278,280301.33927901
2016-05-01,0.02008,0.018684,0.0194165,0.019385,0.01939,0.019443,155231.44796142
2016-04-30,0.020735,0.016277,0.019676,0.019658,0.019658,0.019694,303461.28340593
2016-04-29,0.01725,0.015936,0.01657,0.01655,0.01655,0.01659,74212.74231147
2016-04-28,0.017979,0.01602,0.016264,0.0163,0.01625,0.016278,113820.52732624
2016-04-27,0.017689,0.0157,0.0174695,0.017499,0.01744,0.017499,154575.13932774
2016-04-26,0.016389,0.0151,0.016114,0.01613,0.01608,0.016148,128786.26250531
2016-04-25,0.0178,0.01553,0.0160835,0.016127,0.01604,0.016127,131713.38228727
2016-04-24,0.01878,0.0173,0.017415,0.01738,0.01738,0.01745,70561.58140945
2016-04-23,0.01919,0.01734,0.018419,0.01828,0.018351,0.018487,142039.92704762
2016-04-22,0.01866,0.0172,0.0176395,0.01762,0.01762,0.017659,63332.97786323
2016-04-21,0.01978,0.0177,0.0179095,0.01792,0.017899,0.01792,38779.20173331
2016-04-20,0.02168,0.01874,0.0192455,0.01925,0.019241,0.01925,60385.4330244
2016-04-19,0.02165,0.01983,0.0198775,0.01988,0.019875,0.01988,26117.47540692
2016-04-18,0.022189,0.01982,0.0207685,0.02077,0.020767,0.02077,37590.02714689
2016-04-17,0.02269,0.019536,0.0221345,0.022223,0.022063,0.022206,93702.62115646
2016-04-16,0.02015,0.01872,0.019538,0.019569,0.019506,0.01957,20132.84985386
2016-04-15,0.020305,0.01881,0.019125,0.01912,0.01912,0.01913,57201.46017898
2016-04-14,0.020815,0.0188,0.0199445,0.019927,0.01991,0.019979,30939.62484793
2016-04-13,0.0205,0.01658,0.019153,0.019125,0.019126,0.01918,77821.02531925
2016-04-12,0.02054,0.01675,0.0175145,0.0175,0.0175,0.017529,106350.30261989
2016-04-11,0.02138,0.01905,0.020422,0.02046,0.02042,0.020424,54710.57201236
2016-04-10,0.022,0.017774,0.0214175,0.021417,0.02138,0.021455,139910.5250034
2016-04-09,0.024193,0.021602,0.021848,0.021842,0.021831,0.021865,22201.84965303
2016-04-08,0.024509,0.022694,0.0230725,0.023087,0.02307,0.023075,30722.45911073
2016-04-07,0.02574,0.023517,0.023926,0.023888,0.023865,0.023987,27854.77953159
2016-04-06,0.0259,0.024135,0.0254525,0.02551,0.02545,0.025455,21211.29559345
2016-04-05,0.02666,0.02373,0.024799,0.0248,0.024758,0.02484,44951.1020328
2016-04-04,0.027674,0.02611,0.026426,0.026447,0.026405,0.026447,25554.56081466
2016-04-03,0.027836,0.027217,0.0275785,0.02773,0.02753,0.027627,10928.14529792
2016-04-02,0.02797,0.027013,0.0277595,0.02768,0.02768,0.027839,16608.25052483
2016-04-01,0.028576,0.027224,0.0279145,0.027974,0.027855,0.027974,21772.10583027
2016-03-31,0.02947,0.027065,0.0273475,0.0273,0.0273,0.027395,23767.56068323
2016-03-30,0.0297,0.027591,0.028675,0.02868,0.02867,0.02868,41310.47963047
2016-03-29,0.028809,0.026664,0.02829,0.02828,0.02828,0.0283,41387.82626322
2016-03-28,0.028,0.024315,0.02762,0.027621,0.02759,0.02765,47730.89437313
2016-03-27,0.026444,0.0236,0.024398,0.024375,0.024384,0.024412,58722.7258822
2016-03-26,0.026889,0.0254,0.026384,0.026381,0.026333,0.026435,14409.48155691
2016-03-25,0.0274,0.025051,0.025607,0.02565,0.025564,0.02565,27280.99903153
2016-03-24,0.02987,0.0255,0.026861,0.026895,0.02679,0.026932,67085.06352011
2016-03-23,0.02957,0.026858,0.0294785,0.029539,0.02942,0.029537,31106.24857097
2016-03-22,0.029278,0.026674,0.02753,0.027504,0.02747,0.02759,35211.61924341
2016-03-21,0.029,0.024402,0.028849,0.028959,0.028775,0.028923,45584.37615831
2016-03-20,0.02646,0.023041,0.0245405,0.02464,0.024458,0.024623,53440.11000286
2016-03-19,0.027368,0.0239,0.025202,0.02519,0.02519,0.025214,59860.66963433
2016-03-18,0.02696,0.02015,0.0265555,0.026509,0.026506,0.026605,141106.89175161
2016-03-17,0.030989,0.024759,0.026878,0.026816,0.026821,0.026935,94445.98381484
2016-03-16,0.0335,0.030465,0.0306995,0.03069,0.03069,0.030709,55947.82539851
2016-03-15,0.032004,0.02795,0.0312985,0.031399,0.031207,0.03139,62965.26223868
2016-03-14,0.05058,0.028241,0.031181,0.031103,0.031102,0.03126,111142.04517382
